[
{
  "model": "webapp.product",
  "pk": 1,
  "fields": {
    "name": "\u041b\u043e\u0434\u043a\u0430",
    "description": "\u041b\u043e\u0434\u043a\u0430 \u0434\u043b\u044f \u0441\u043f\u043b\u0430\u0432\u0430 \u043f\u043e \u0440\u0435\u043a\u0435",
    "category": "household",
    "amount": 100,
    "price": "100.00"
  }
},
{
  "model": "webapp.product",
  "pk": 2,
  "fields": {
    "name": "\u041c\u0438\u043d\u0435\u0440\u0430\u043b\u044c\u043d\u0430\u044f \u0432\u043e\u0434\u0430",
    "description": "\u0412\u043a\u0443\u0441\u043d\u0430\u044f, \u0445\u043e\u043b\u043e\u0434\u043d\u0430\u044f \u0432\u043e\u0434\u0438\u0447\u043a\u0430",
    "category": "food",
    "amount": 100,
    "price": "20.00"
  }
},
{
  "model": "webapp.product",
  "pk": 3,
  "fields": {
    "name": "\u041b\u0435\u043f\u0451\u0448\u043a\u0430 \u0442\u0430\u043d\u0434\u044b\u0440\u043d\u0430\u044f",
    "description": "\u0412\u043a\u0443\u0441\u043d\u0430\u044f \u0433\u043e\u0440\u044f\u0447\u0430\u044f \u043b\u0435\u043f\u0435\u0448\u043a\u0430",
    "category": "food",
    "amount": 78,
    "price": "22.00"
  }
},
{
  "model": "webapp.product",
  "pk": 4,
  "fields": {
    "name": "\u041f\u0430\u0440\u0430\u0432\u043e\u0437\u0438\u043a",
    "description": "\u041f\u0430\u0440\u0430\u0432\u043e\u0437\u0438\u043a \u0438\u0437 \u0434\u0432\u0443\u0445 \u0432\u0430\u0433\u043e\u043d\u043e\u0432",
    "category": "toys",
    "amount": 100,
    "price": "1100.00"
  }
},
{
  "model": "webapp.product",
  "pk": 5,
  "fields": {
    "name": "\u041c\u0430\u0441\u043a\u0430 \u043c\u0435\u0434\u0438\u0446\u0438\u043d\u0441\u043a\u0430\u044f",
    "description": "\u0421 \u0440\u0435\u0441\u043f\u0438\u0440\u0430\u0442\u043e\u0440\u043e\u043c, \u0431\u0435\u043b\u043e\u0433\u043e \u0446\u0432\u0435\u0442\u0430",
    "category": "household",
    "amount": 100,
    "price": "20.00"
  }
},
{
  "model": "webapp.product",
  "pk": 6,
  "fields": {
    "name": "\u0421\u0442\u0438\u0440\u0430\u043b\u044c\u043d\u0430\u044f \u043c\u0430\u0448\u0438\u043d\u043a\u0430",
    "description": "\u0421\u0442\u0438\u0440\u0430\u043b\u044c\u043d\u0430\u044f \u043c\u0430\u0448\u0438\u043d\u043a\u0430 BOSH \u043d\u0430 80 \u043b\u0438\u0442\u0440\u043e\u0432\r\n\u0421\u0442\u0438\u0440\u0430\u043b\u044c\u043d\u0430\u044f         \u043c\u0430\u0448\u0438\u043d\u043a\u0430\r\n\r\n BOSH \u043d\u0430 80 \u043b\u0438\u0442\u0440\u043e\u0432",
    "category": "appliances",
    "amount": 99,
    "price": "25000.00"
  }
},
{
  "model": "webapp.order",
  "pk": 1,
  "fields": {
    "name": "asd",
    "phone": "asd",
    "adress": "sfg",
    "created_at": "2020-08-31T09:58:59.022Z",
    "user": null
  }
},
{
  "model": "webapp.order",
  "pk": 2,
  "fields": {
    "name": "asd",
    "phone": "asd",
    "adress": "sfg",
    "created_at": "2020-08-31T09:59:40.831Z",
    "user": null
  }
},
{
  "model": "webapp.order",
  "pk": 3,
  "fields": {
    "name": "asdgfh",
    "phone": "sdf",
    "adress": "adf",
    "created_at": "2020-08-31T10:14:51.390Z",
    "user": null
  }
},
{
  "model": "webapp.order",
  "pk": 4,
  "fields": {
    "name": "asdgfh",
    "phone": "sdf",
    "adress": "adf",
    "created_at": "2020-08-31T10:15:40.748Z",
    "user": null
  }
},
{
  "model": "webapp.order",
  "pk": 5,
  "fields": {
    "name": "asdgfh",
    "phone": "sdf",
    "adress": "adf",
    "created_at": "2020-08-31T10:17:14.640Z",
    "user": null
  }
},
{
  "model": "webapp.order",
  "pk": 6,
  "fields": {
    "name": "ppp",
    "phone": "pp",
    "adress": "ppp",
    "created_at": "2020-08-31T10:39:07.906Z",
    "user": null
  }
},
{
  "model": "webapp.order",
  "pk": 7,
  "fields": {
    "name": "dh",
    "phone": "fg",
    "adress": "df",
    "created_at": "2020-09-19T15:32:24.744Z",
    "user": null
  }
},
{
  "model": "webapp.order",
  "pk": 8,
  "fields": {
    "name": "dh",
    "phone": "fg",
    "adress": "df",
    "created_at": "2020-09-19T15:33:19.508Z",
    "user": null
  }
},
{
  "model": "webapp.order",
  "pk": 9,
  "fields": {
    "name": "1",
    "phone": "2",
    "adress": "3",
    "created_at": "2020-09-21T06:39:09.467Z",
    "user": null
  }
},
{
  "model": "webapp.order",
  "pk": 10,
  "fields": {
    "name": "12",
    "phone": "2",
    "adress": "3",
    "created_at": "2020-09-21T06:44:19.280Z",
    "user": null
  }
},
{
  "model": "webapp.order",
  "pk": 11,
  "fields": {
    "name": "1",
    "phone": "2",
    "adress": "3",
    "created_at": "2020-09-21T07:55:21.639Z",
    "user": null
  }
},
{
  "model": "webapp.order",
  "pk": 12,
  "fields": {
    "name": "3",
    "phone": "5",
    "adress": "3",
    "created_at": "2020-09-21T07:55:38.274Z",
    "user": null
  }
},
{
  "model": "webapp.order",
  "pk": 13,
  "fields": {
    "name": "1",
    "phone": "2",
    "adress": "4",
    "created_at": "2020-09-21T08:02:21.418Z",
    "user": 2
  }
},
{
  "model": "webapp.order",
  "pk": 14,
  "fields": {
    "name": "3",
    "phone": "2",
    "adress": "4",
    "created_at": "2020-09-21T08:07:12.989Z",
    "user": 2
  }
},
{
  "model": "webapp.order",
  "pk": 15,
  "fields": {
    "name": "1",
    "phone": "2",
    "adress": "4",
    "created_at": "2020-09-21T10:36:38.753Z",
    "user": 1
  }
},
{
  "model": "webapp.orderproduct",
  "pk": 1,
  "fields": {
    "id_order": 3,
    "id_product": 6,
    "quantity": 2
  }
},
{
  "model": "webapp.orderproduct",
  "pk": 2,
  "fields": {
    "id_order": 3,
    "id_product": 3,
    "quantity": 3
  }
},
{
  "model": "webapp.orderproduct",
  "pk": 3,
  "fields": {
    "id_order": 4,
    "id_product": 6,
    "quantity": 2
  }
},
{
  "model": "webapp.orderproduct",
  "pk": 4,
  "fields": {
    "id_order": 4,
    "id_product": 3,
    "quantity": 3
  }
},
{
  "model": "webapp.orderproduct",
  "pk": 5,
  "fields": {
    "id_order": 5,
    "id_product": 6,
    "quantity": 2
  }
},
{
  "model": "webapp.orderproduct",
  "pk": 6,
  "fields": {
    "id_order": 5,
    "id_product": 3,
    "quantity": 3
  }
},
{
  "model": "webapp.orderproduct",
  "pk": 7,
  "fields": {
    "id_order": 6,
    "id_product": 3,
    "quantity": 2
  }
},
{
  "model": "webapp.orderproduct",
  "pk": 8,
  "fields": {
    "id_order": 7,
    "id_product": 2,
    "quantity": 2
  }
},
{
  "model": "webapp.orderproduct",
  "pk": 9,
  "fields": {
    "id_order": 7,
    "id_product": 5,
    "quantity": 3
  }
},
{
  "model": "webapp.orderproduct",
  "pk": 10,
  "fields": {
    "id_order": 9,
    "id_product": 3,
    "quantity": 1
  }
},
{
  "model": "webapp.orderproduct",
  "pk": 11,
  "fields": {
    "id_order": 9,
    "id_product": 5,
    "quantity": 1
  }
},
{
  "model": "webapp.orderproduct",
  "pk": 12,
  "fields": {
    "id_order": 10,
    "id_product": 3,
    "quantity": 1
  }
},
{
  "model": "webapp.orderproduct",
  "pk": 13,
  "fields": {
    "id_order": 11,
    "id_product": 3,
    "quantity": 1
  }
},
{
  "model": "webapp.orderproduct",
  "pk": 14,
  "fields": {
    "id_order": 11,
    "id_product": 3,
    "quantity": 2
  }
},
{
  "model": "webapp.orderproduct",
  "pk": 15,
  "fields": {
    "id_order": 11,
    "id_product": 5,
    "quantity": 1
  }
},
{
  "model": "webapp.orderproduct",
  "pk": 16,
  "fields": {
    "id_order": 11,
    "id_product": 4,
    "quantity": 1
  }
},
{
  "model": "webapp.orderproduct",
  "pk": 17,
  "fields": {
    "id_order": 12,
    "id_product": 3,
    "quantity": 1
  }
},
{
  "model": "webapp.orderproduct",
  "pk": 18,
  "fields": {
    "id_order": 13,
    "id_product": 3,
    "quantity": 1
  }
},
{
  "model": "webapp.orderproduct",
  "pk": 19,
  "fields": {
    "id_order": 13,
    "id_product": 4,
    "quantity": 1
  }
},
{
  "model": "webapp.orderproduct",
  "pk": 20,
  "fields": {
    "id_order": 14,
    "id_product": 3,
    "quantity": 2
  }
},
{
  "model": "webapp.orderproduct",
  "pk": 21,
  "fields": {
    "id_order": 15,
    "id_product": 6,
    "quantity": 1
  }
},
{
  "model": "webapp.orderproduct",
  "pk": 22,
  "fields": {
    "id_order": 15,
    "id_product": 3,
    "quantity": 2
  }
}
]
